;resolution;releaseDate;StructureWeight;PolymerWeight;NonpolymerWeight;NonpolymerWeightNowater;WaterWeight;atomCount;hetatmCount;allAtomCount;allAtomCountLn;aaCount;ligandCount;ligandBondRotationFreedom;aaLigandCount;aaLigandCountNowater;aaLigandCountFiltered;ligandRatio;hetatmCountNowater;ligandCountNowater;ligandRatioNowater;hetatmCountFiltered;ligandCarbonChiraAtomCountFiltered;ligandCountFiltered;ligandRatioFiltered;hetatmCountMetal;ligandCountMetal;ligandRatioMetal;hetatmCountNometal;ligandCountNometal;ligandRatioNometal;hetatmCountNowaterNometal;ligandCountNowaterNometal;ligandRatioNowaterNometal;hetatmCountFilteredMetal;ligandCountFilteredMetal;ligandRatioFilteredMetal;hetatmCountFilteredNometal;ligandCountFilteredNometal;ligandRatioFilteredNometal;clashscore;RamaOutliers;SidechainOutliers;ClashscorePercentile;RamaOutliersPercentile;SidechainOutliersPercentile;combinedGeometryQuality;DCC_R;DCC_Rfree;absolute-percentile-DCC_Rfree;AngleRMSZstructure;BondRMSZstructure;RSRZoutliers;RSRZoutliersPercentile;combinedXrayQualityMetric;combinedOverallQualityMetric;highestChainBondsRMSZ;highestChainAnglesRMSZ;averageResidueRSR;ChiralProblemLigandRatio;GoodLigandRatio;TopologyProblemLigandRatio;LigandTopologyProblemsPrecise;LigandTopologyCarbonChiraProblemsPrecise;ChiraProblemsPrecise;GoodLigandRatioBinary;LigandTopologyProblemsPreciseBinary;LigandTopologyCarbonChiraProblemsPreciseBinary;ChiraProblemsPreciseBinary;averageLigandRSR;averageLigandAngleRMSZ;averageLigandBondRMSZ;averageLigandRSCC;ligandRSCCoutlierRatio;AssemblyTotalWeight;AssemblyBiopolymerCount;AssemblyUniqueBiopolymerCount;AssemblyLigandCount;AssemblyUniqueLigandCount;AssemblyWaterCount;AssemblyBiopolymerWeight;AssemblyLigandWeight;AssemblyWaterWeight;averageResidueRSCC;residueRSCCoutlierRatio;AssemblyLigandFlexibility;averageLigandRSCCsmallLigs;averageLigandRSCClargeLigs;absolute-percentile-RNAsuiteness
1;-0.01;-0.01;-0.01;-0.01;-0.01;-0.01;-0.01;-0.01;-0.01;-0.01;-0.01;-0.01;-0.01;-0.01;-0.01;-0.01;-0.01;-0.01;-0.01;-0.01;-0.01;-0.01;-0.01;-0.01;-0.01;-0.01;-0.01;-0.01;-0.01;-0.01;-0.01;-0.01;-0.01;-0.01;-0.01;-0.01;-0.01;-0.01;-0.01;-0.01;-0.01;-0.01;-0.01;-0.01;-0.01;-0.01;-0.01;-0.01;-0.01;-0.01;-0.01;-0.01;-0.01;-0.01;-0.01;-142;-0.01;-0.01;-0.01;-0.01;-0.01;-0.01;-0.01;-0.01;-0.01;-0.01;-0.01;-0.01;-0.01;-0.01;-0.01;-0.01;-0.5;-0.01;-0.01;-0.01;-0.01;-0.01;-0.01;-0.01;-0.01;-0.01;-0.01;-1;-0.01;-0.01;-0.5;-0.5;-0.01
2;0.97;1994;2.90735;2.65022;0;0;0;560;0;492;6.19848;12;0;0.582;22;14;13;1;0;0;1;0;0;0;7;0;0;1;0;0;1;0;0;1;0;0;7.9;0;0;7.99;0;0;0;0.7;0.2;0.5;0.59434;0.11;0.13;0.7;0.31;0.19;0;0.4;1.39027;-43.2909;0.2;0.32;0.0844419;0;0;0;0;0;0;0;0;0;0;0.06;0;0;0.6265;0;3.311;1;1;0;0;0;3.24484;0;0;0.826419;0.00360892;0;0.625;0.589;11
3;1.04;1995;4.43776;4.14571;102.655;24.305;90.075;751;4;689;6.53524;20;1;0.6;36;25;22;1.0095;1;1;1.66667;7;1;1;7.99;1;1;1.75;6;1;1.00835;1;1;2;14;1;10;7;1;8;0.5;0.05;0.27;1.4;0.5;1;1.18915;0.12;0.14;1.2;0.33;0.2;0.18;0.9;2.54413;-37.7639;0.21;0.34;0.091016;0.112;0.25;0.09;0.008;0.0093;0.025;1;1;1;1;0.067;0.09240385;0.146667;0.69;0.046;4.861;2;2;1;1;1;4.74305;24.305;19;0.847867;0.00668896;0.0238095;0.679214;0.659333;22
4;1.12;1996;6.17178;5.81252;175.82;62.068;162.135;940;10;869;6.76734;30;3;0.619;51;36;31;1.01384;2;2;2.14286;8;2;2;8;2;2;2.9;14;4;1.01299;2;2;2.5;42;2;42;8;2;9;0.79;0.07;0.34;2.2;0.8;1.3;1.86857;0.13;0.15;1.7;0.36;0.21;0.27;1.7;3.65536;-34.1308;0.22;0.36;0.095118;0.24;0.49;0.15;0.016;0.0167;0.057;NA;NA;NA;NA;0.072;0.1325;0.1775;0.720333;0.062;6.259;3;3;2;2;2;6.09396;60.095;37;0.859324;0.00917431;0.0277778;0.7095;0.698;33
5;1.16;1997;7.52914;7.05504;270.225;92.005;234.195;993;18;987;6.89467;42;4;0.63;68;50;44;1.01703;3;3;2.35;9;3;3;8.99;3;3;4;22;6;1.01645;4;3;3;43;4;43;9;3;9.99;0.97;0.1;0.39;3.1;1.1;1.8;2.59511;0.14;0.16;2.4;0.37;0.22;0.33;2.1;4.63911;-31.5239;0.23;0.39;0.0981584;0.48;0.5;0.24;0.024;0.0243;0.1;NA;NA;NA;NA;0.0762353;0.172857;0.211667;0.741;0.072;7.367;4;4;3;3;3;7.29674;65.409;55;0.866735;0.0113821;0.0325203;0.729;0.724;45
6;1.205;1998;8.61232;8.02331;364.621;94.971;306.255;1041;23;1071;6.97635;55;6;0.637;82;62;56;1.0197;4;4;2.73333;10;4;4;9;4;4;6.9;28;9;1.01949;5;4;3.57143;85;9;110;10;4;10;1.13;0.11;0.43;3.9;1.4;2.1;3.27918;0.15;0.17;3.6;0.38;0.23;0.39;3;5.96836;-29.2858;0.24;0.4;0.100551;0.99;0.65;0.33;0.034;0.0323;0.199;NA;NA;NA;NA;0.08;0.209;0.25;0.756333;0.084;8.334;5;5;4;4;4;8.16529;80.156;73;0.872129;0.0133333;0.037736;0.7445;0.7425;58
7;1.277;1999;9.80859;9.16857;453.619;110.61;396.33;1104;29;1145;7.04316;67;8;0.646;94;72;68;1.02319;5;5;3.14286;11;5;5;9.99;5;5;9;33;15;1.02319;6;5;3.94118;86;1350;NA;11;5;10.99;1.27;0.12;0.47;4.9;1.7;2.4;4.02178;0.16;0.18;5.6;0.39;0.24;0.45;3.4;6.79373;-27.2496;0.25;0.41;0.102684;1;0.67;0.49;0.047;0.0426;0.4;NA;NA;NA;NA;0.083;0.24;0.28;0.769;0.0999;9.47;6;9;5;5;5;9.27981;92.094;91;0.876176;0.0151515;0.0416667;0.757;0.757947;71.2
8;1.3;2000;10.9865;10.393;540.45;120.234;468.39;1184;34;1206;7.09506;76;10;0.653;105;81;76;1.02667;6;6;3.33333;12;6;6;10;6;6;16;39;19;1.02688;7;6;4;171;NA;NA;12;6;11;1.4;0.13;0.52;5.8;2;2.7;4.80814;0.17;0.19;8.9;0.4;0.25;0.52;3.8;7.6565;-25.4078;0.26;0.42;0.10454;NA;0.75;0.5;0.066;0.0572;1.5;NA;NA;NA;NA;0.086125;0.27;0.305;0.779167;0.111;10.604;8;15;6;6;6;10.4454;115.084;109;0.879451;0.0167464;0.0469966;0.767875;0.770133;85.5
9;1.34;2001;12.181;11.4199;621.561;132.905;540.45;1242;40;1285;7.15851;84;12;0.666;115;90;85;1.02961;7;7;3.5;13;7;7;10.99;7;7;21;45;22;1.03;8;7;4.28571;172;NA;NA;13;7;11.99;1.53;0.14;0.56;6.8;2.3;3;5.60368;0.18;0.2;13.9;0.41;0.26;0.58;4.2;8.89737;-23.7154;0.27;0.43;0.106278;NA;0.83;0.745;0.087;0.0749;NA;NA;NA;NA;NA;0.089;0.293333;0.326667;0.788571;0.124;11.539;11;45;7;7;8;11.3722;122.143;145;0.882403;0.0183486;0.0487805;0.7774;0.780625;100
10;1.374;2002;13.2512;12.2389;710.006;150.13;612.51;1297;45;1364;7.21818;92;15;0.67;126;97;93;1.03299;8;8;3.8;14;8;8;11;8;8;28;50;26;1.03358;10;8;4.47619;310;NA;NA;14;8;12;1.65;0.15;0.6;7.8;2.6;3.3;6.43564;0.19;0.21;20.2;0.42;0.27;0.63;4.7;9.87546;-22.1392;0.28;0.44;0.107931;NA;0.87;0.9999;0.114;0.098;NA;NA;NA;NA;NA;0.092;0.318;0.343333;0.796;0.141;12.369;12;200;8;8;11;12.138;140.201;200;0.88497;0.0198238;0.0517241;0.785;0.79;NA
11;1.4;2003;14.3156;13.2326;797.284;170.135;684.57;1365;51;1432;7.26683;98;20;0.679;138;102;99;1.0362;9;9;4.15385;15;9;9;11.99;9;9;42;56;30;1.03694;11;9;4.56522;38000;NA;NA;15;9;12.99;1.76;0.16;0.65;8.7;2.9;4;7.25587;0.2;0.22;25;0.43;0.28;0.69;5.1;10.469;-20.7072;0.29;0.45;0.109451;NA;0.92;1;0.14;0.1213;NA;NA;NA;NA;NA;0.0941;0.34;0.36;0.803;0.16;13.222;19;NA;9;24;12;13.0351;150.787;230;0.887326;0.021164;0.0555557;0.792;0.799;NA
12;1.44;2004;15.3487;13.8984;886.807;189.942;774.645;1441;56;1502;7.31455;101;24;0.6869;151;107;102;1.03943;10;10;4.25;16;10;10;12;10;11;43;60;37;1.04043;12;10;4.71429;NA;NA;NA;16;10;13;1.87;0.17;0.7;9.7;3.2;4.3;8.12697;0.21;0.23;37.9;0.44;0.29;0.75;5.9;11.387;-19.4259;0.3;0.46;0.110919;NA;0.999;NA;0.157;0.1429;NA;NA;NA;NA;NA;0.0965;0.36;0.375;0.80925;0.17;13.977;24;NA;10;NA;24;13.7083;160.312;500;0.889386;0.0224215;0.0601504;0.798333;0.806;NA
13;1.46;2005;16.2055;14.3513;974.394;202.14;846.705;1565;60;1581;7.36581;106;30;0.688;164;111;108;1.04271;11;11;4.375;17;12;11;12.5;12;12;60;65;41;1.04396;13;11;4.99;NA;NA;NA;17;11;13.4;1.98;0.18;0.74;10.7;3.5;4.7;8.98438;0.22;0.24;48.3;0.45;0.3;0.8;6.7;12.6611;-18.1259;0.31;0.47;0.112267;NA;1;NA;0.193;0.164;NA;NA;NA;NA;NA;0.099;0.378;0.390909;0.815;0.1999;14.48;32;NA;11;NA;480;14.2912;171.431;9000;0.891249;0.0237258;0.0643641;0.804;0.81325;NA
14;1.499;2006;17.1779;15.1306;1062.88;227.93;918.765;1628;65;1657;7.41276;111;37;0.693;176;116;112;1.04928;12;12;4.63636;18;14;12;12.99;15;15;3000;70;45;1.04751;14;12;5.01;NA;NA;NA;18;12;13.64;2.08;0.19;0.78;11.7;3.8;5.4;9.85268;0.23;0.25;59.2;0.46;0.31;0.86;7.1;13.6958;-16.8737;0.32;0.48;0.113585;NA;NA;NA;0.246;0.1999;NA;NA;NA;NA;NA;0.101;0.394545;0.41;0.82;0.2;15.063;55;NA;12;NA;NA;14.7284;189.942;NA;0.892948;0.0248521;0.0675439;0.8095;0.819667;NA
15;1.503;2007;18.0457;16.0903;1142.22;240.736;990.825;1679;70;1728;7.45472;116;46;0.6999;189;121;117;1.05263;13;13;4.88889;19;15;14;13;19;19;NA;74;49;1.05115;15;13;5.28571;NA;NA;NA;19;14;13.99;2.19;0.2;0.82;12.6;4.1;6.2;10.7744;0.24;0.26;69.2;0.47;0.32;0.91;7.6;14.5747;-15.6448;0.33;0.49;0.114745;NA;NA;NA;0.313;0.2381;NA;NA;NA;NA;NA;0.103;0.411;0.425;0.824667;0.249;15.781;179;NA;13;NA;NA;15.4687;200.59;NA;0.894468;0.0261097;0.0714285;0.8147;0.8255;NA
16;1.53;2008;18.9663;16.8433;1225.02;254.629;1062.88;1739;75;1797;7.49387;121;53;0.7;200;125;122;1.05587;14;14;5.09091;20;16;16;13.4;21;28;NA;79;53;1.05469;17;14;5.4;NA;NA;NA;20;16;14;2.28;0.21;0.85;13.7;4.6;6.6;11.6589;0.25;0.27;77.8;0.48;0.33;0.96;8;15.3348;-14.5534;0.34;0.5;0.115976;NA;NA;NA;0.401;0.293;NA;NA;NA;NA;NA;0.105;0.43;0.44;0.829;0.25;16.45;9000;NA;14;NA;NA;16.1363;216.572;NA;0.89596;0.0273292;0.0736843;0.819375;0.831;NA
17;1.55;2009;19.8275;17.5031;1307.94;263.316;1152.96;1795;80;1864;7.53048;124;57;0.706;211;129;126;1.05903;15;15;5.25;21;18;18;13.66;31;40;NA;84;57;1.05823;18;15;5.6;NA;NA;NA;21;19;14.34;2.39;0.22;0.9;14.7;4.9;7;12.5274;0.26;0.28;85.1;0.49;0.34;1.01;8.4;15.9284;-13.3871;0.35;0.51;0.117188;NA;NA;NA;0.536;0.36;NA;NA;NA;NA;NA;0.107;0.45;0.454545;0.8335;0.286;17.25;NA;NA;15;NA;NA;16.9113;226.881;NA;0.897271;0.0285285;0.0794871;0.823333;0.836;NA
18;1.57;2010;20.7879;18.38;1397.03;275.308;1225.02;1853;85;1929;7.56476;128;60;0.714;221;131;128;1.06145;17;16;5.33333;22;20;21;13.99;42;150;NA;89;61;1.06087;19;16;5.88889;NA;NA;NA;22;23;14.55;2.48;0.23;0.93;15.8;5.4;7.4;13.4123;0.27;0.29;90.4;0.5;0.35;1.07;9.2;16.4442;-12.2784;0.36;0.52;0.11842;NA;NA;NA;1;0.499;NA;NA;NA;NA;NA;0.109;0.47;0.46875;0.837333;0.33;18.041;NA;NA;16;NA;NA;17.5569;238.552;NA;0.898524;0.0296583;0.0833332;0.827;0.841;NA
19;1.59;2011;21.6274;19.1489;1483.29;293.141;1297.08;1910;90;1995;7.5984;130;67;0.715;231;135;130;1.0649;19;17;5.47059;23;22;24;14;43;5400;NA;94;65;1.06472;20;17;6.13333;NA;NA;NA;23;28;14.99;2.58;0.24;0.97;16.7;5.7;7.8;14.2896;0.28;0.3;94;0.51;0.36;1.13;9.7;17.6577;-11.2309;0.37;0.53;0.119557;NA;NA;NA;NA;0.67;NA;NA;NA;NA;NA;0.110833;0.489117;0.48;0.841125;0.339;18.601;NA;NA;17;NA;NA;18.2247;251.93;NA;0.899768;0.0307692;0.0865385;0.831;0.84575;NA
20;1.6;2012;22.7784;20.1984;1569.42;318.3795;1369.14;1965;95;2058;7.62949;134;74;0.72;240;139;135;1.06818;20;18;5.5;24;24;31;14.34;56;NA;NA;99;69;1.06851;21;18;6.27778;NA;NA;NA;24;41;15;2.68;0.25;1.01;17.9;6.3;8.2;15.2242;0.3;0.31;96.3;0.52;0.37;1.19;10.2;18.6947;-10.1367;0.38;0.54;0.12067;NA;NA;NA;NA;2;NA;NA;NA;NA;NA;0.1125;0.508571;0.495;0.844667;0.388;19.225;NA;NA;18;NA;NA;18.7899;261.636;NA;0.900888;0.0318841;0.0890003;0.83425;0.85;NA
21;1.62;2013;23.83;21.245;1655.76;330.289;1441.2;2015;100;2117;7.65776;138;78;0.724;249;144;139;1.07478;21;19;5.76923;25;26;47;14.56;85;NA;NA;104;73;1.07237;22;19;6.4;NA;NA;NA;25;88;15.99;2.78;0.26;1.06;18.9;6.5;8.6;16.1286;0.34;0.32;97.8;0.53;0.38;1.24;10.8;19.7328;-9.0878;0.39;0.55;0.121778;NA;NA;NA;NA;NA;NA;NA;NA;NA;NA;0.11425;0.528333;0.507143;0.848;0.4;20.052;NA;NA;20;NA;NA;19.6484;286.252;NA;0.901985;0.033;0.0925323;0.8378295;0.854333;NA
22;1.64;2014;24.7711;21.918;1737.6;344.039;1513.26;2048;105;2173;7.68386;143;81;0.728;259;149;144;1.07821;22;20;5.92308;26;28;100;14.99;86;NA;NA;108;77;1.07614;23;20;6.7;NA;NA;NA;26;12503;16;2.88;0.27;1.1;19.9;6.8;9;17.0736;1;0.33;98.8;0.54;0.39;1.3;12.1;20.7261;-8.04984;0.4;0.56;0.122862;NA;NA;NA;NA;NA;NA;NA;NA;NA;NA;0.116;0.546;0.52;0.851333;0.432;20.983;NA;NA;22;NA;NA;20.627;307.323;NA;0.903024;0.0340426;0.0952381;0.8412;0.858;NA
23;1.66;2015;25.779;22.934;1819.52;355.126;1585.32;2089;110;2226;7.70796;148;88;0.732;268;153;149;1.08171;23;21;6.14286;27;30;13000;15;88;NA;NA;113;81;1.08;24;21;6.83333;NA;NA;NA;27;NA;16.99;2.97;0.28;1.15;20.8;7.2;9.4;17.9628;NA;0.35;99.4;0.55;0.4;1.35;12.9;21.5867;-7.06105;0.41;0.57;0.123935;NA;NA;NA;NA;NA;NA;NA;NA;NA;NA;0.117846;0.5656695;0.531667;0.854375;0.49;21.931;NA;NA;24;NA;NA;21.4567;319.255;NA;0.904046;0.0350584;0.0985042;0.84425;0.862;NA
24;1.68;2016;26.7333;23.7527;1896.29;379.116;1657.38;2138;114;2280;7.73193;152;95;0.734;276;157;153;1.08531;24;22;6.25;28;32;NA;15.99;142;NA;NA;117;85;1.08416;25;23;7;NA;NA;NA;28;NA;17;3.07;0.29;1.2;21.9;7.6;9.9;18.9119;NA;9;100;0.56;0.41;1.4;13.2;22.3051;-6.07713;0.42;0.58;0.124991;NA;NA;NA;NA;NA;NA;NA;NA;NA;NA;0.119429;0.586;0.545;0.857429;0.5;22.499;NA;NA;26;NA;NA;22.0032;332.066;NA;0.90496;0.0361446;0.1;0.8472;0.866;NA
25;1.697;2017;27.7546;24.6943;1981.65;384.2885;1729.44;2190;119;2324;7.75105;155;99;0.737;285;161;156;1.0888;25;23;6.38298;29;36;NA;16;172;NA;NA;122;89;1.08808;26;24;7.19298;NA;NA;NA;29;NA;17.99;3.17;0.3;1.24;22.9;8.1;10.4;19.8872;NA;NA;NA;0.57;0.42;1.46;13.6;22.9938;-5.02742;0.43;0.59;0.126084;NA;NA;NA;NA;NA;NA;NA;NA;NA;NA;0.121;0.604;0.55875;0.860405;0.588;23.283;NA;NA;28;NA;NA;22.8565;345.187;NA;0.905854;0.0372041;0.105263;0.850167;0.869333;NA
26;1.728;2018;28.8001;25.6708;2065.68;393.934;1801.5;2235;124;2379;7.77444;159;102;0.74;294;165;160;1.09609;26;24;6.6;30;40;NA;16.99;260;NA;NA;127;93;1.09213;27;26;7.3;NA;NA;NA;30;NA;18;3.27;0.31;1.29;23.9;8.6;11.1;20.8166;NA;NA;NA;0.58;0.43;1.52;14;23.6431;-4.05767;0.44;0.6;0.127181;NA;NA;NA;NA;NA;NA;NA;NA;NA;NA;0.1228;0.622;0.571;0.863125;0.66;24.04;NA;NA;31;NA;NA;23.592;355.965;NA;0.906729;0.0382696;0.108633;0.853;0.873;NA
27;1.74;2019;29.8072;26.6708;2143.78;406.343;1873.56;2336;128;2436;7.79811;163;106;0.743;302;169;164;1.10627;27;26;6.7;31;45;NA;17;500;NA;NA;131;97;1.09647;28;28;7.4;NA;NA;NA;31;NA;18.99;3.37;0.32;1.34;25.1;9.2;11.7;21.7757;NA;NA;NA;0.59;0.44;1.57;14.4;24.0987;-3.09185;0.45;0.61;0.128213;NA;NA;NA;NA;NA;NA;NA;NA;NA;NA;0.1245;0.64;0.584545;0.866;0.699;24.895;NA;NA;35;NA;NA;24.4759;379.994;NA;0.907566;0.0392799;0.113636;0.855833;0.876;NA
28;1.75;NA;30.7408;27.4472;2225.85;420.096;1945.62;2384;133;2491;7.82044;166;116;0.749;310;173;168;1.10995;28;28;6.81818;32;50;NA;17.99;34000;NA;NA;136;101;1.10069;29;30;7.57143;NA;NA;NA;32;NA;19;3.47;0.33;1.39;26;9.8;12.5;22.7617;NA;NA;NA;0.6;0.45;1.63;14.8;24.826;-2.15863;0.46;0.62;0.129261;NA;NA;NA;NA;NA;NA;NA;NA;NA;NA;0.126;0.66;0.598571;0.8685;0.999;25.733;NA;NA;39;NA;NA;25.3327;395.444;NA;0.908383;0.0403042;0.116667;0.85825;0.879;NA
29;1.77;NA;31.5797;28.1578;2305.92;433.128;2017.68;2430;138;2548;7.84306;171;120;0.75;318;179;173;1.11356;29;30;7;33;56;NA;18;NA;NA;NA;140;105;1.10405;30;33;7.75;NA;NA;NA;33;NA;19.99;3.57;0.34;1.44;27.3;10.5;13.4;23.7418;NA;NA;NA;0.61;0.46;1.68;15.2;25.8531;-1.2328;0.47;0.63;0.130301;NA;NA;NA;NA;NA;NA;NA;NA;NA;NA;0.127778;0.68;0.611667;0.871;1;26.581;NA;NA;47;NA;NA;26.1798;406.687;NA;0.909167;0.0413223;0.119744;0.861;0.882;NA
30;1.78;NA;32.448;28.8969;2384.19;451.9905;2089.74;2483;142;2603;7.86442;177;127;0.7567;326;185;179;1.12155;30;32;7.18182;34;62;NA;18.99;NA;NA;NA;145;109;1.1082;31;37;7.86667;NA;NA;NA;34;NA;20;3.67;0.35;1.49;28.4;11.3;14;24.7526;NA;NA;NA;0.62;0.47;1.74;15.7;26.8887;-0.352335;0.48;0.64;0.131396;NA;NA;NA;NA;NA;NA;NA;NA;NA;NA;0.129333;0.6975;0.6255;0.873111;NA;27.517;NA;NA;60;NA;NA;27.0869;420.533;NA;0.909921;0.0423497;0.122807;0.8636;0.885;NA
31;1.792;NA;33.2292;29.3125;2467.29;462.524;2161.8;2542;147;2664;7.88758;183;134;0.758;335;190;184;1.12568;31;35;7.28571;35;69;NA;19;NA;NA;NA;149;113;1.11245;32;41;8.16667;NA;NA;NA;35;NA;20.99;3.77;0.36;1.54;29.4;12.1;14.7;25.6988;NA;NA;NA;0.63;0.48;1.8;16.2;27.8642;0.590313;0.49;0.65;0.132401;NA;NA;NA;NA;NA;NA;NA;NA;NA;NA;0.131;0.716667;0.64;0.8755;NA;28.243;NA;NA;102;NA;NA;27.759;432.858;NA;0.910658;0.0433423;0.125703;0.866;0.888;NA
32;1.8;NA;34.0401;30.1992;2544.1;474.437;2233.86;2604;151;2726;7.91059;188;138;0.76;343;195;189;1.12981;32;38;7.375;36;79;NA;19.99;NA;NA;NA;154;117;1.11699;33;47;8.28571;NA;NA;NA;36;NA;21;3.88;0.37;1.59;30.2;13.5;16.1;26.7036;NA;NA;NA;0.64;0.49;1.85;16.6;28.7061;1.51884;0.5;0.66;0.133528;NA;NA;NA;NA;NA;NA;NA;NA;NA;NA;0.1327;0.735;0.655;0.877875;NA;29.014;NA;NA;240;NA;NA;28.5375;442.416;NA;0.911378;0.0444028;0.129135;0.868048;0.890727;NA
33;1.821;NA;34.9348;31.1913;2628.03;484.1565;2305.92;2671;156;2790;7.9338;194;145;0.764;349;201;195;1.13351;33;40;7.5625;37;93;NA;20;NA;NA;NA;158;121;1.12168;34;57;8.4;NA;NA;NA;37;NA;21.99;3.98;0.38;1.64;31.4;14.3;16.9;27.6858;NA;NA;NA;0.65;0.5;1.91;17.1;29.5625;2.47948;0.51;0.67;0.13459;NA;NA;NA;NA;NA;NA;NA;NA;NA;NA;0.134333;0.755;0.67;0.88;NA;29.601;NA;NA;3400;NA;NA;29.1579;459.302;NA;0.912081;0.0453858;0.131868;0.8705;0.893;NA
34;1.84;NA;35.7471;32.1267;2708.14;497.175;2377.98;2725;165;2859;7.95823;200;152;0.767;357;207;201;1.14228;34;44;7.77778;38;118;NA;20.99;NA;NA;NA;163;125;1.12644;35;72;8.71429;NA;NA;NA;38;NA;22;4.09;0.39;1.7;32.6;15.8;17.4;28.6367;NA;NA;NA;0.66;0.51;1.97;17.6;30.4357;3.35373;0.52;0.68;0.135645;NA;NA;NA;NA;NA;NA;NA;NA;NA;NA;0.136;0.773333;0.685;0.882053;NA;30.201;NA;NA;NA;NA;NA;29.7071;469.48;NA;0.912792;0.0463918;0.134615;0.8725;0.896;NA
35;1.85;NA;36.5918;33.043;2784.29;510.542;2450.04;2791;170;2933;7.98378;207;156;0.77;365;213;208;1.14655;35;50;7.90909;39;159;NA;21;NA;NA;NA;168;129;1.13115;36;105;8.83721;NA;NA;NA;39;NA;22.99;4.19;0.4;1.75;33.5;17.8;18;29.6166;NA;NA;NA;0.67;0.52;2.03;18.1;31.0551;4.2051;0.53;0.69;0.136684;NA;NA;NA;NA;NA;NA;NA;NA;NA;NA;0.1375;0.792857;0.7;0.8842;NA;31.049;NA;NA;NA;NA;NA;30.5686;492.641;NA;0.913457;0.0473538;0.137009;0.8745;0.8985;NA
36;1.86;NA;37.3748;33.8068;2864.94;535.588;2522.1;2857;175;3004;8.0077;211;160;0.773;373;218;213;1.15504;36;59;8.08333;41;269;NA;21.99;NA;NA;NA;173;133;1.1358;37;3285;9;NA;NA;NA;40;NA;23;4.31;0.41;1.81;34.8;20.3;18.4;30.5405;NA;NA;NA;0.68;0.53;2.09;18.6;31.8277;5.07233;0.54;0.7;0.137748;NA;NA;NA;NA;NA;NA;NA;NA;NA;NA;0.139;0.81;0.715;0.886357;NA;31.95;NA;NA;NA;NA;NA;31.4136;504.61;NA;0.914139;0.0484166;0.139601;0.876636;0.901;NA
37;1.88;NA;38.0332;34.1609;2947.54;559.463;2594.16;2911;180;3059;8.02584;217;164;0.7758;380;224;219;1.15974;37;67;8.23288;42;13701;NA;22;NA;NA;NA;177;137;1.14094;38;NA;9.2;NA;NA;NA;42;NA;23.99;4.42;0.43;1.86;35.7;23.7;18.7;31.5087;NA;NA;NA;0.69;0.54;2.16;19.1;32.506;5.94037;0.55;0.71;0.138771;NA;NA;NA;NA;NA;NA;NA;NA;NA;NA;0.1406;0.83;0.73;0.888333;NA;32.735;NA;NA;NA;NA;NA;32.1659;515.768;NA;0.914793;0.0493976;0.144996;0.87875;0.903667;NA
38;1.89;NA;38.7039;34.7467;3032.51;584.606;2666.22;2970;185;3129;8.04847;221;168;0.7775;388;228;224;1.16427;38;83;8.48148;43;NA;NA;22.99;NA;NA;NA;182;141;1.1459;39;NA;9.33333;NA;NA;NA;43;NA;24.6;4.53;0.45;1.91;36.7;25.9;19.4;32.5231;NA;NA;NA;0.7;0.55;2.22;19.7;33.1132;6.79183;0.56;0.72;0.139785;NA;NA;NA;NA;NA;NA;NA;NA;NA;NA;0.142;0.85;0.746;0.8904;NA;33.507;NA;NA;NA;NA;NA;32.9743;528.639;NA;0.915416;0.0504732;0.14984;0.881;0.906;NA
39;1.902;NA;39.5079;35.5011;3117;598.643;2738.28;3035;190;3207;8.07309;226;172;0.7778;397;233;228;1.168935;39;120;8.55556;44;NA;NA;23;NA;NA;NA;187;145;1.15094;40;NA;9.55556;NA;NA;NA;44;NA;25.5;4.65;0.48;1.97;37.7;28.5;19.6;33.5479;NA;NA;NA;0.71;0.56;2.28;20.3;33.6562;7.63651;0.57;0.73;0.140757;NA;NA;NA;NA;NA;NA;NA;NA;NA;NA;0.1438;0.87;0.76;0.892333;NA;34.052;NA;NA;NA;NA;NA;33.7002;539.628;NA;0.916044;0.0514447;0.152678;0.883;0.9082;NA
40;1.92;NA;40.4153;36.2251;3204.59;613.995;2828.36;3103;195;3284;8.09682;231;176;0.7813;405;238;233;1.17355;41;240;8.66667;45;NA;NA;23.99;NA;NA;NA;192;149;1.15591;43;NA;9.66667;NA;NA;NA;45;NA;26.99;4.76;0.51;2.03;39.2;35.1;20.1;34.5269;NA;NA;NA;0.72;0.57;2.34;20.9;34.6375;8.44943;0.58;0.74;0.141868;NA;NA;NA;NA;NA;NA;NA;NA;NA;NA;0.145375;0.8875;0.775;0.894375;NA;34.606;NA;NA;NA;NA;NA;34.0639;549.308;NA;0.916651;0.0524619;0.154074;0.885;0.9105;NA
41;1.93;NA;41.364;36.8666;3291.52;623.237;2900.41;3173;200;3355;8.11821;236;180;0.7838;413;243;238;1.17842;42;5357;8.8125;47;NA;NA;24;NA;NA;NA;197;153;1.16139;44;NA;9.85714;NA;NA;NA;47;NA;27;4.88;0.54;2.1;40.3;40.3;20.5;35.5052;NA;NA;NA;0.73;0.58;2.4;21.5;35.7434;9.33271;0.59;0.75;0.142966;NA;NA;NA;NA;NA;NA;NA;NA;NA;NA;0.147;0.905625;0.79;0.89625;NA;35.189;NA;NA;NA;NA;NA;34.6057;561.163;NA;0.917264;0.053528;0.157895;0.887;0.9125;NA
42;1.94;NA;42.1322;37.5689;3375.12;638.446;2972.47;3236;205;3420;8.1374;240;184;0.7877;420;248;242;1.18333;43;NA;9.2;49;NA;NA;24.99;NA;NA;NA;202;161;1.16667;45;NA;10;NA;NA;NA;48;NA;28;5.01;0.56;2.16;41.4;43;21;36.5273;NA;NA;NA;0.74;0.59;2.47;22.2;36.5601;10.1172;0.6;0.76;0.144012;NA;NA;NA;NA;NA;NA;NA;NA;NA;NA;0.1485;0.923333;0.8075;0.898;NA;35.803;NA;NA;NA;NA;NA;35.2402;572.637;NA;0.917857;0.0545746;0.161111;0.889;0.9145;NA
43;1.95;NA;43.0929;38.7056;3468.38;649.43;3062.55;3298;210;3498;8.15995;246;188;0.788;429;252;248;1.18841;44;NA;9.33333;51;NA;NA;25;NA;NA;NA;207;166;1.17228;47;NA;10.25;NA;NA;NA;51;NA;29;5.13;0.58;2.23;42;49.5;21.5;37.4733;NA;NA;NA;0.75;0.6;2.53;22.8;37.4446;10.9356;0.61;0.77;0.145116;NA;NA;NA;NA;NA;NA;NA;NA;NA;NA;0.15;0.94;0.824167;0.9;NA;36.551;NA;NA;NA;NA;NA;35.9052;584.392;NA;0.918418;0.0555556;0.164501;0.891;0.91625;NA
44;1.96;NA;44.0973;39.5815;3556.09;677.107;3152.63;3428;215;3573;8.18116;250;197;0.7906;437;257;252;1.1938;45;NA;9.62069;52;NA;NA;25.99;NA;NA;NA;212;171;1.17787;48;NA;10.4;NA;NA;NA;52;NA;30.99;5.26;0.61;2.3;43.1;56.5;22;38.4712;NA;NA;NA;0.76;0.61;2.6;23.5;38.4906;11.7185;0.62;0.78;0.146236;NA;NA;NA;NA;NA;NA;NA;NA;NA;NA;0.151833;0.96;0.840625;0.902;NA;37.343;NA;NA;NA;NA;NA;36.7554;598.846;NA;0.919001;0.0565789;0.169643;0.893;0.918;NA
45;1.98;NA;44.9576;40.6813;3649.86;692.801;3224.68;3502;221;3643;8.20056;255;202;0.793;445;261;257;1.19915;47;NA;9.75;53;NA;NA;26;NA;NA;NA;217;175;1.18367;50;NA;10.5;NA;NA;NA;53;NA;31;5.39;0.63;2.37;44.4;100;22.6;39.4728;NA;NA;NA;0.77;0.62;2.66;24.2;39.2808;12.542;0.63;0.79;0.147332;NA;NA;NA;NA;NA;NA;NA;NA;NA;NA;0.15325;0.98;0.86;0.903667;NA;38.083;NA;NA;NA;NA;NA;37.4435;613.43;NA;0.919562;0.057623;0.175439;0.894889;0.92;NA
46;1.998;NA;45.9588;41.7491;3737.13;710.721;3314.76;3590;226;3719;8.22121;259;206;0.7933;453;265;261;1.20438;49;NA;10.2222;54;NA;NA;26.99;NA;NA;NA;223;184;1.18978;53;NA;10.8;NA;NA;NA;55;NA;32;5.52;0.66;2.44;45.6;NA;23.1;40.4554;NA;NA;NA;0.78;0.63;2.73;24.9;40.0837;13.3564;0.64;0.8;0.148415;NA;NA;NA;NA;NA;NA;NA;NA;NA;NA;0.155;1;0.8775;0.9055;NA;38.994;NA;NA;NA;NA;NA;38.36;619.965;NA;0.920118;0.0586972;0.180602;0.896542;0.922;NA
47;2.007;NA;47.0582;42.6364;3836.04;727.749;3404.84;3680;232;3803;8.24355;262;210;0.7942;461;269;264;1.21;51;NA;10.3684;57;NA;NA;27;NA;NA;NA;228;189;1.19608;55;NA;11.2;NA;NA;NA;56;NA;33;5.66;0.68;2.51;46.3;NA;24;41.4536;NA;NA;NA;0.79;0.64;2.8;25.6;40.8637;14.1207;0.65;0.81;0.149513;NA;NA;NA;NA;NA;NA;NA;NA;NA;NA;0.1565;1.02;0.895;0.907;NA;39.742;NA;NA;NA;NA;NA;39.1446;633.858;NA;0.920649;0.0597878;0.194444;0.898385;0.923667;NA
48;2.031;NA;48.1131;43.2537;3927.85;743.405;3494.91;3852;238;3892;8.26668;266;215;0.7999;469;273;268;1.21596;53;NA;10.5;58;NA;NA;27.99;NA;NA;NA;234;194;1.20233;56;NA;11.3333;NA;NA;NA;58;NA;34;5.8;0.7;2.59;47.6;NA;24.3;42.441;NA;NA;NA;0.8;0.65;2.87;26.2;41.5998;14.9181;0.66;0.82;0.150623;NA;NA;NA;NA;NA;NA;NA;NA;NA;NA;0.158;1.04;0.9125;0.90875;NA;40.73;NA;NA;NA;NA;NA;40.0893;647.432;NA;0.921194;0.0608229;0.206837;0.900133;0.9255;NA
49;2.05;NA;49.1965;44.232;4029.17;759.768;3584.99;3938;243;3986;8.29054;271;224;0.8;478;278;273;1.22857;55;NA;10.6667;61;NA;NA;28;NA;NA;NA;240;199;1.2087;57;NA;11.5714;NA;NA;NA;61;NA;35;5.94;0.72;2.67;49;NA;24.8;43.4252;NA;NA;NA;0.81;0.66;2.94;27;42.1884;15.6826;0.67;0.83;0.151751;NA;NA;NA;NA;NA;NA;NA;NA;NA;NA;0.15975;1.06;0.93;0.910333;NA;41.707;NA;NA;NA;NA;NA;41.0291;661.745;NA;0.921738;0.0618932;0.21456;0.902;0.927;NA
50;2.07;NA;50.2764;45.1275;4133.37;773.454;3675.06;4032;249;4080;8.31385;276;229;0.8045;486;283;278;1.24157;57;NA;10.8667;63;NA;NA;29;NA;NA;NA;246;204;1.21583;59;NA;11.75;NA;NA;NA;63;NA;36;6.08;0.74;2.74;49.7;NA;25.5;44.3735;NA;NA;NA;0.82;0.67;3.01;27.8;42.9097;16.4443;0.68;0.84;0.152918;NA;NA;NA;NA;NA;NA;NA;NA;NA;NA;0.161333;1.08;0.948333;0.912;NA;42.645;NA;NA;NA;NA;NA;42.0505;674.466;NA;0.922281;0.0630165;0.222222;0.903571;0.928917;NA
51;2.09;NA;51.1853;46.2414;4237.61;789.913;3747.12;4116;256;4174;8.33663;281;234;0.8076;494;288;283;1.24845;59;NA;11;64;NA;NA;30;NA;NA;NA;252;208;1.22321;60;NA;12.2273;NA;NA;NA;65;NA;37;6.23;0.78;2.83;51.2;NA;26;45.3452;NA;NA;NA;0.83;0.68;3.09;28.6;43.5935;17.21435;0.69;0.85;0.154042;NA;NA;NA;NA;NA;NA;NA;NA;NA;NA;0.163;1.1;0.9665;0.9135;NA;43.454;NA;NA;NA;NA;NA;42.87135;689.842;NA;0.922808;0.0641711;0.230769;0.905125;0.9305;NA
52;2.101;NA;52.3323;47.2311;4339.77;808.322;3855.21;4211;262;4272;8.35984;286;239;0.8079;503;293;288;1.25483;61;NA;11.25;67;NA;NA;30.99;NA;NA;NA;258;214;1.23077;62;NA;12.3448;NA;NA;NA;66;NA;38;6.38;0.82;2.91;51.9;NA;26.7;46.297;NA;NA;NA;0.84;0.69;3.16;29.4;44.2368;18.0283;0.7;0.86;0.155114;NA;NA;NA;NA;NA;NA;NA;NA;NA;NA;0.1645;1.12;0.984167;0.915;NA;44.413;NA;NA;NA;NA;NA;43.7614;723.556;NA;0.923332;0.0652632;0.238095;0.906818;0.932;NA
53;2.12;NA;53.5378;48.1511;4443.69;828.846;3945.29;4321;268;4370;8.38252;290;244;0.8104;511;297;292;1.26193;63;NA;11.4167;69;NA;NA;31;NA;NA;NA;264;219;1.23853;64;NA;12.5;NA;NA;NA;69;NA;39;6.53;0.84;2.99;52.7;NA;27.3;47.212;NA;NA;NA;0.85;0.7;3.24;30.3;45.0747;18.8603;0.71;0.87;0.156252;NA;NA;NA;NA;NA;NA;NA;NA;NA;NA;0.1662;1.14;1;0.916667;NA;45.269;NA;NA;NA;NA;NA;44.701;740.56;NA;0.923838;0.0664336;0.246667;0.9085;0.9335;NA
54;2.14;NA;54.6181;49.3628;4549.74;850.192;4035.36;4412;275;4473;8.40581;295;255;0.8125;520;301;297;1.26957;65;NA;11.5556;70;NA;NA;32;NA;NA;NA;271;224;1.24658;67;NA;12.8182;NA;NA;NA;70;NA;41;6.69;0.87;3.09;54.2;NA;28;48.1852;NA;NA;NA;0.86;0.71;3.31;31.2;46.0298;19.6859;0.72;0.88;0.157419;NA;NA;NA;NA;NA;NA;NA;NA;NA;NA;0.168;1.16;1.02;0.9182;NA;46.229;NA;NA;NA;NA;NA;45.5431;755.687;NA;0.924357;0.0675513;0.258394;0.910095;0.935;NA
55;2.16;NA;55.886;50.5697;4663.01;870.443;4143.45;4538;280;4586;8.43076;299;261;0.818;529;306;301;1.27703;67;NA;11.75;72;NA;NA;33;NA;NA;NA;278;229;1.25439;68;NA;13.2;NA;NA;NA;72;NA;43;6.85;0.91;3.18;54.9;NA;28.7;49.1494;NA;NA;NA;0.87;0.72;3.39;32.2;47.095;20.437;0.73;0.89;0.158624;NA;NA;NA;NA;NA;NA;NA;NA;NA;NA;0.169667;1.1825;1.03833;0.919769;NA;47.124;NA;NA;NA;NA;NA;46.5213;768.898;NA;0.924881;0.0687623;0.266917;0.912;0.9365;NA
56;2.189;NA;57.2657;51.8575;4776.16;887.557;4233.53;4623;287;4701;8.45553;304;265;0.8182;537;310;306;1.28492;69;NA;12.1818;75;NA;NA;34;NA;NA;NA;283;235;1.26263;71;NA;13.3636;NA;NA;NA;75;NA;44;7.01;0.94;3.28;56.5;NA;29.5;50.1247;NA;NA;NA;0.88;0.73;3.48;33.1;47.8841;21.2099;0.74;0.9;0.159845;NA;NA;NA;NA;NA;NA;NA;NA;NA;NA;0.171462;1.205;1.05667;0.9213;NA;47.944;NA;NA;NA;NA;NA;47.337;785.974;NA;0.925415;0.0699558;0.277778;0.9135;0.938;NA
57;2.202;NA;58.649;53.3868;4894.53;909.723;4341.61;4742;294;4803;8.477;308;271;0.8206;547;315;310;1.29268;71;NA;12.3333;78;NA;NA;35;NA;NA;NA;290;241;1.27184;72;NA;13.6875;NA;NA;NA;76;NA;47;7.18;0.97;3.38;57.3;NA;30.1;51.0292;NA;NA;NA;0.89;0.74;3.55;34;48.6979;21.9533;0.75;0.91;0.161009;NA;NA;NA;NA;NA;NA;NA;NA;NA;NA;0.173125;1.23;1.076;0.923;NA;48.804;NA;NA;NA;NA;NA;48.1436;804.675;NA;0.925913;0.0711538;0.284672;0.915167;0.939333;NA
58;2.22;NA;60.1079;54.6869;4996.14;929.735;4449.7;4847;301;4915;8.50005;313;277;0.8215;556;319;315;1.30088;73;NA;12.7353;80;NA;NA;36;NA;NA;NA;297;247;1.28134;76;NA;14;NA;NA;NA;78;NA;48;7.37;1;3.48;58.2;NA;30.9;51.951;NA;NA;NA;0.9;0.75;3.64;34.9;49.5881;22.7138;0.76;0.92;0.162163;NA;NA;NA;NA;NA;NA;NA;NA;NA;NA;0.175;1.25;1.095;0.9244;NA;49.787;NA;NA;NA;NA;NA;49.1267;825.432;NA;0.926452;0.0724138;0.293452;0.916931;0.941;NA
59;2.243;NA;61.5368;55.9043;5115.35;953.036;4557.8;4991.5;308;5042;8.52556;316;283;0.8249;565;324;319;1.30968;75;NA;13.1429;82;NA;NA;37;NA;NA;NA;304;253;1.29097;78;NA;14.7667;NA;NA;NA;83;NA;52;7.55;1.03;3.58;59;NA;31.7;52.9077;NA;NA;NA;0.91;0.76;3.72;35.9;50.4042;23.4918;0.77;0.93;0.163413;NA;NA;NA;NA;NA;NA;NA;NA;NA;NA;0.176667;1.27429;1.115;0.926;NA;50.997;NA;NA;NA;NA;NA;50.2287;846.96;NA;0.926958;0.0736842;0.303289;0.9185;0.942;NA
60;2.25;NA;63.033;57.372;5234;977.676;4665.89;5115;316;5179;8.55237;321;289;0.8261;575;329;324;1.31915;77;NA;13.375;84;NA;NA;38;NA;NA;NA;311;259;1.30085;84;NA;15.1429;NA;NA;NA;84;NA;53;7.74;1.06;3.69;60.8;NA;32.5;53.8399;NA;NA;NA;0.92;0.77;3.81;37;51.1406;24.2782;0.78;0.94;0.16463;NA;NA;NA;NA;NA;NA;NA;NA;NA;NA;0.1784;1.2975;1.135;0.927375;NA;52.227;NA;NA;NA;NA;NA;51.387;867.408;NA;0.927453;0.075;0.312091;0.92;0.943333;NA
61;2.27;NA;64.539;58.685;5355.43;1002.95;4773.98;5242;322;5318;8.57885;327;302;0.828;585;333;329;1.32895;79;NA;13.5417;86;NA;NA;39;NA;NA;NA;318;264;1.31169;86;NA;15.4545;NA;NA;NA;86;NA;59;7.94;1.09;3.79;61.6;NA;33.3;54.7753;NA;NA;NA;0.93;0.78;3.89;38;51.9569;25.0125;0.79;0.95;0.165836;NA;NA;NA;NA;NA;NA;NA;NA;NA;NA;0.18025;1.32;1.155;0.928919;NA;53.556;NA;NA;NA;NA;NA;52.716;888.123;NA;0.927967;0.0762195;0.325;0.921857;0.94475;NA
62;2.29;NA;66.0986;60.2644;5488.54;1027.63;4882.07;5397;330;5454;8.6041;330;309;0.8333;595;338;332;1.33898;83;NA;13.7778;88;NA;NA;40;NA;NA;NA;325;270;1.3237;88;NA;15.6667;NA;NA;NA;88;NA;130;8.15;1.13;3.9;62.6;NA;34.4;55.7292;NA;NA;NA;0.94;0.79;3.99;39.1;52.8358;25.7855;0.8;0.96;0.167006;NA;NA;NA;NA;NA;NA;NA;NA;NA;NA;0.182;1.345;1.175;0.930222;NA;54.938;NA;NA;NA;NA;NA;54.0211;910.996;NA;0.92849;0.077551;0.344527;0.9235;0.946;NA
63;2.303;NA;67.7099;61.933;5633.1;1056.37;5008.17;5567;338;5610;8.63231;335;314;0.8334;606;343;338;1.36082;85;NA;14;90;NA;NA;42;NA;NA;NA;333;277;1.33594;90;NA;16.4286;NA;NA;NA;90;NA;NA;8.37;1.17;4.02;63.5;NA;35;56.6881;NA;NA;NA;0.95;0.8;4.08;40.2;53.5702;26.547;0.81;0.97;0.168301;NA;NA;NA;NA;NA;NA;NA;NA;NA;NA;0.184;1.37;1.19714;0.931778;NA;56.169;NA;NA;NA;NA;NA;55.1863;932.756;NA;0.929003;0.0789474;0.357737;0.925;0.947;NA
64;2.323;NA;69.275;63.2921;5745.39;1098.76;5134.28;5717;346;5770;8.66043;341;321;0.8388;617;348;343;1.37241;87;NA;14.3333;94;NA;NA;43;NA;NA;NA;341;284;1.34915;94;NA;16.6667;NA;NA;NA;94;NA;NA;8.59;1.21;4.14;64.4;NA;36.7;57.6204;NA;NA;NA;0.96;0.81;4.17;41.3;54.1673;27.3121;0.82;0.98;0.169529;NA;NA;NA;NA;NA;NA;NA;NA;NA;NA;0.186;1.39333;1.22;0.933;NA;57.363;NA;NA;NA;NA;NA;56.4854;957.16;NA;0.929521;0.0803109;0.368055;0.9265;0.9485;NA
65;2.361;NA;71.0566;65.085;5884.75;1126.65;5260.38;5880;354;5938;8.68913;345;329;0.8422;628;354;348;1.38519;90;NA;14.5;100;NA;NA;44;NA;NA;NA;350;291;1.36275;97;NA;17.375;NA;NA;NA;96;NA;NA;8.81;1.25;4.27;66.3;NA;36.9;58.5539;NA;NA;NA;0.97;0.82;4.27;42.5;54.9674;28.0929;0.83;0.99;0.170857;NA;NA;NA;NA;NA;NA;NA;NA;NA;NA;0.188;1.418;1.2425;0.9346;NA;58.881;NA;NA;NA;NA;NA;58.0376;983.122;NA;0.930061;0.0816697;0.380174;0.928;0.9496;NA
66;2.39;NA;73.0427;66.9241;6028.98;1153.93;5404.5;6041;363;6111;8.71785;351;337;0.8462;640;359;354;1.39785;92;NA;14.875;103;NA;NA;47;NA;NA;NA;358;298;1.37745;102;NA;17.6429;NA;NA;NA;102;NA;NA;9.05;1.34;4.4;67.2;NA;37.9;59.494;NA;NA;NA;0.98;0.83;4.37;43.7;55.9573;28.8715;0.84;1;0.17222;NA;NA;NA;NA;NA;NA;NA;NA;NA;NA;0.189947;1.4425;1.268;0.936;NA;60.402;NA;NA;NA;NA;NA;59.5;1011.09;NA;0.930588;0.0831382;0.391304;0.93;0.951;NA
67;2.41;NA;75.1663;68.6773;6182.94;1185.78;5530.61;6223;372;6296;8.74767;357;345;0.851;653;365;360;1.42727;95;NA;15.2;106;NA;NA;48;NA;NA;NA;367;306;1.39394;107;NA;18;NA;NA;NA;104;NA;NA;9.29;1.39;4.53;68.2;NA;38.9;60.5505;NA;NA;NA;0.99;0.84;4.48;44.9;56.9392;29.7045;0.85;1.01;0.173622;NA;NA;NA;NA;NA;NA;NA;NA;NA;NA;0.192;1.47;1.29;0.9375;NA;62.053;NA;NA;NA;NA;NA;61.116;1039.37;NA;0.931118;0.0846154;0.401709;0.9316;0.952;NA
68;2.44;NA;77.2153;70.6412;6341.18;1221.16;5638.7;6384;381;6471;8.77509;363;353;0.8571;663;371;365;1.44248;96;NA;15.8333;108;NA;NA;52;NA;NA;NA;376;312;1.41121;110;NA;18.8333;NA;NA;NA;106;NA;NA;9.56;1.45;4.67;69.2;NA;39.8;61.5392;NA;NA;NA;1;0.85;4.58;46.1;57.8948;30.4976;0.86;1.02;0.175034;NA;NA;NA;NA;NA;NA;NA;NA;NA;NA;0.194;1.495;1.315;0.939;NA;63.733;NA;NA;NA;NA;NA;62.5177;1065.32;NA;0.931652;0.0860416;0.409524;0.933;0.953;NA
69;2.45;NA;79.3107;72.7366;6511.34;1248.56;5800.83;6535;392;6649;8.80222;367;361;0.8572;675;377;370;1.45918;99;NA;16.1429;117;NA;NA;53;NA;NA;NA;386;320;1.43038;115;NA;19.2632;NA;NA;NA;109;NA;NA;9.83;1.5;4.82;70.2;NA;40.8;62.5091;NA;NA;NA;1.01;0.86;4.69;47.3;58.832;31.2828;0.87;1.03;0.176426;NA;NA;NA;NA;NA;NA;NA;NA;NA;NA;0.196;1.52;1.34;0.940097;NA;65.18;NA;NA;NA;NA;NA;64.2192;1089.15;NA;0.932215;0.0876623;0.421795;0.93472;0.954;NA
70;2.498;NA;81.6328;74.7502;6677.65;1286.2;5944.95;6663;402;6828;8.82879;373;371;0.8648;688;382;376;1.47727;102;NA;16.75;120;NA;NA;59;NA;NA;NA;396;328;1.45;118;NA;19.6667;NA;NA;NA;114;NA;NA;10.12;1.56;4.97;71.2;NA;41.9;63.5067;NA;NA;NA;1.02;0.87;4.8;48.7;59.8326;32.1166;0.88;1.04;0.177902;NA;NA;NA;NA;NA;NA;NA;NA;NA;NA;0.198308;1.55;1.363;0.9415;NA;67.087;NA;NA;NA;NA;NA;66.1047;1115.65;NA;0.932742;0.0892974;0.433198;0.936333;0.95525;NA
71;2.5;NA;84.0606;77.1504;6859.5;1325.04;6107.09;6822;413;6994;8.85281;381;381;0.8667;702;388;383;1.49541;105;NA;17.4118;126;NA;NA;130;NA;NA;NA;407;337;1.47244;121;NA;20;NA;NA;NA;118;NA;NA;10.41;1.62;5.13;72.2;NA;43;64.5674;NA;NA;NA;1.03;0.88;4.91;49.9;60.7254;32.9775;0.89;1.05;0.179433;NA;NA;NA;NA;NA;NA;NA;NA;NA;NA;0.20075;1.577595;1.38955;0.943;NA;68.961;NA;NA;NA;NA;NA;67.9603;1147.46;NA;0.933282;0.0909091;0.44269;0.938;0.9565;NA
72;2.54;NA;86.6872;79.46;7052.09;1359.51;6287.24;7043;425;7170;8.87766;386;391;0.8749;717;394;388;1.51572;110;NA;17.75;129;NA;NA;NA;NA;NA;NA;418;346;1.49474;124;NA;20.5;NA;NA;NA;120;NA;NA;10.7;1.68;5.29;73.3;NA;44;65.5517;NA;NA;NA;1.04;0.89;5.03;51.3;61.659;33.8195;0.9;1.06;0.180987;NA;NA;NA;NA;NA;NA;NA;NA;NA;NA;0.203;1.605;1.415;0.94425;NA;70.988;NA;NA;NA;NA;NA;69.7757;1179.28;NA;0.933815;0.0926217;0.457882;0.9395;0.9575;NA
73;2.55;NA;89.2306;82.0249;7248.71;1400.565;6449.37;7286;437;7364;8.90436;392;401;0.879;732;401;395;1.53976;114;NA;18;132;NA;NA;NA;NA;NA;NA;430;365;1.52063;130;NA;21.125;NA;NA;NA;129;NA;NA;11;1.75;5.46;74.3;NA;45.3;66.515;NA;NA;NA;1.05;0.9;5.14;52.7;62.3515;34.6751;0.91;1.08;0.182556;NA;NA;NA;NA;NA;NA;NA;NA;NA;NA;0.2056;1.635;1.445;0.94575;NA;73.076;NA;NA;NA;NA;NA;72.0347;1217.2;NA;0.934378;0.0943739;0.474038;0.941;0.9585;NA
74;2.58;NA;92.0911;84.9069;7453.22;1445.14;6647.53;7534;449;7609;8.93709;398;411;0.886;748;408;402;1.56391;122;NA;18.5;136;NA;NA;NA;NA;NA;NA;442;376;1.55172;134;NA;21.5714;NA;NA;NA;132;NA;NA;11.34;1.82;5.64;75.3;NA;46.5;67.5148;NA;NA;NA;1.07;0.91;5.27;54.1;62.9849;35.5469;0.92;1.1;0.18411;NA;NA;NA;NA;NA;NA;NA;NA;NA;NA;0.208;1.665;1.475;0.947;NA;75.402;NA;NA;NA;NA;NA;74.3653;1249.72;NA;0.934963;0.0961538;0.493538;0.9428;0.9595;NA
75;2.6;NA;94.8386;87.4177;7672.42;1490.84;6845.7;7794;462;7879;8.97196;407;422;0.8889;765;416;410;1.58904;127;NA;19.1111;141;NA;NA;NA;NA;NA;NA;454;387;1.58333;138;NA;22.2667;NA;NA;NA;136;NA;NA;11.69;1.89;5.83;76.3;NA;49;68.5496;NA;NA;NA;1.08;0.92;5.41;55.6;64.0122;36.4081;0.94;1.12;0.185725;NA;NA;NA;NA;NA;NA;NA;NA;NA;NA;0.2105;1.695;1.505;0.9485;NA;77.877;NA;NA;NA;NA;NA;76.8336;1289.95;NA;0.935518;0.0980892;0.5;0.9445;0.9605;NA
76;2.62;NA;97.5536;90.2768;7888.79;1537.2;7043.86;8071;475;8170;9.00822;416;434;0.8975;780;425;419;1.61667;130;NA;19.6667;146;NA;NA;NA;NA;NA;NA;467;398;1.61842;143;NA;22.75;NA;NA;NA;141;NA;NA;12.07;1.98;6.03;77.3;NA;49.1;69.5806;NA;NA;NA;1.1;0.93;5.56;57.1;64.8532;37.2269;0.95;1.15;0.187389;NA;NA;NA;NA;NA;NA;NA;NA;NA;NA;0.213;1.725;1.53583;0.95;NA;80.839;NA;NA;NA;NA;NA;79.65245;1372.24;NA;0.936079;0.1;0.520833;0.946;0.9615;NA
77;2.66;NA;100.463;93.4833;8123.02;1581.17;7242.03;8379;488;8480;9.04547;424;446;0.9;798;433;428;1.64815;134;NA;20.3333;151;NA;NA;NA;NA;NA;NA;481;410;1.66038;147;NA;23.5;NA;NA;NA;146;NA;NA;12.47;2.06;6.24;78.3;NA;50.4;70.686;NA;NA;NA;1.13;0.94;5.69;58.6;65.4998;38.0161;0.96;1.18;0.189072;NA;NA;NA;NA;NA;NA;NA;NA;NA;NA;0.21575;1.755;1.57;0.951;NA;83.689;NA;NA;NA;NA;NA;82.5083;1419.32;NA;0.936646;0.101877;0.532895;0.948;0.962667;NA
78;2.702;NA;103.334;95.6963;8364.85;1635.61;7458.21;8734;502;8798;9.08228;433;456;0.9089;815;441;436;1.68349;138;NA;21;160;NA;NA;NA;NA;NA;NA;495;422;1.70817;156;NA;24.5;NA;NA;NA;150;NA;NA;12.88;2.16;6.46;79.4;NA;51.8;71.8814;NA;NA;NA;1.16;0.95;5.83;60.2;66.8487;38.8886;0.98;1.2;0.19087;NA;NA;NA;NA;NA;NA;NA;NA;NA;NA;0.2185;1.79;1.605;0.9525;NA;86.702;NA;NA;NA;NA;NA;85.5189;1473.88;NA;0.93726;0.103976;0.544776;0.949273;0.963667;NA
79;2.74;NA;106.095;97.6251;8612.68;1697.455;7692.41;9095;516;9150;9.12151;441;471;0.914;831;450;444;1.72414;149;NA;21.8;166;NA;NA;NA;NA;NA;NA;508;435;1.75814;162;NA;25.5;NA;NA;NA;165;NA;NA;13.32;2.26;6.67;80.5;NA;53.8;73.0603;NA;NA;NA;1.19;0.96;5.98;61.7;67.8231;39.7269;0.99;1.22;0.192729;NA;NA;NA;NA;NA;NA;NA;NA;NA;NA;0.221471;1.82;1.64;0.954;NA;89.371;NA;NA;NA;NA;NA;87.9981;1522.87;NA;0.937894;0.106122;0.552707;0.951;0.96475;NA
80;2.75;NA;109.12;100.663;8882.41;1762.02;7944.62;9530;533;9537;9.16293;448;485;0.921;851;458;451;1.76563;159;NA;22;172;NA;NA;NA;NA;NA;NA;524;449;1.8189;174;NA;26.75;NA;NA;NA;172;NA;NA;13.79;2.36;6.92;81.5;NA;54.8;74.2376;NA;NA;NA;1.21;0.97;6.14;63.2;68.7592;40.628;1.01;1.25;0.19465;NA;NA;NA;NA;NA;NA;NA;NA;NA;NA;0.224333;1.855;1.68;0.955286;NA;92.792;NA;NA;NA;NA;NA;91.4214;1621.75;NA;0.938541;0.108466;0.560054;0.952667;0.96575;NA
81;2.79;NA;112.657;104.22;9135.29;1827.91;8160.8;9958;550;9988;9.20914;457;501;0.933;872;467;460;1.81481;164;NA;22.5;176;NA;NA;NA;NA;NA;NA;541;462;1.88889;180;NA;27;NA;NA;NA;183;NA;NA;14.29;2.46;7.17;82.5;NA;56.3;75.4655;NA;NA;NA;1.24;0.98;6.3;64.8;69.7441;41.5569;1.02;1.27;0.196454;NA;NA;NA;NA;NA;NA;NA;NA;NA;NA;0.2275;1.885505;1.72;0.956625;NA;96.051;NA;NA;NA;NA;NA;94.4553;1693.2;NA;0.939176;0.110963;0.572581;0.95425;0.966833;NA
82;2.8;NA;116.642;108.476;9442.72;1894.185;8449.03;10456;568;10487;9.25789;469;517;0.9337;894;479;472;1.86885;170;NA;23.2;189;NA;NA;NA;NA;NA;NA;559;478;1.97368;188;NA;28.1;NA;NA;NA;191;NA;NA;14.81;2.59;7.46;83.5;NA;58;76.6609;NA;NA;NA;1.26;0.99;6.47;66.5;70.7074;42.5164;1.03;1.29;0.198474;NA;NA;NA;NA;NA;NA;NA;NA;NA;NA;0.231;1.92;1.76;0.958;NA;99.715;NA;NA;NA;NA;NA;97.574;1767.74;NA;0.939832;0.113456;0.576923;0.956;0.968;NA
83;2.83;NA;121.013;112.566;9772.68;1973.7;8755.29;10975;588;10995;9.3052;482;534;0.9393;918;492;485;1.93204;178;NA;24.2;195;NA;NA;NA;NA;NA;NA;579;495;2.07042;194;NA;29;NA;NA;NA;196;NA;NA;15.37;2.73;7.75;84.6;NA;59.8;77.8783;NA;NA;NA;1.28;1;6.67;68.1;71.7076;43.4857;1.04;1.33;0.200732;NA;NA;NA;NA;NA;NA;NA;NA;NA;NA;0.234222;1.9575;1.80542;0.95925;NA;102.705;NA;NA;NA;NA;NA;101.004;1840.82;NA;0.940515;0.116183;0.58;0.9575;0.969;NA
84;2.85;NA;126.137;116.534;10151.6;2056.73;9079.56;11486;608;11541;9.35366;495;553;0.9445;944;505;499;2.08668;186;NA;25.6667;204;NA;NA;NA;NA;NA;NA;599;513;2.19355;202;NA;30;NA;NA;NA;205;NA;NA;15.96;2.87;8.07;85.6;NA;61.7;79.0829;NA;NA;NA;1.3;1.01;6.86;69.8;72.7667;44.4737;1.06;1.38;0.202841;NA;NA;NA;NA;NA;NA;NA;NA;NA;NA;0.238;1.996;1.8525;0.96075;NA;107.124;NA;NA;NA;NA;NA;105.486;1917.37;NA;0.941179;0.119048;0.586956;0.959;0.97;NA
85;2.899;NA;131.227;121.737;10539.5;2152.21;9421.85;12035;631;12122;9.40278;505;574;0.953;971;519;511;2.18987;192;NA;26;212;NA;NA;NA;NA;NA;NA;620;532;2.35294;211;NA;31;NA;NA;NA;212;NA;NA;16.65;3.03;8.42;86.5;NA;63.5;80.2257;NA;NA;NA;1.34;1.02;7.07;71.7;73.6011;45.5376;1.09;1.41;0.205253;NA;NA;NA;NA;NA;NA;NA;NA;NA;NA;0.241833;2.035;1.9025;0.962;NA;111.627;NA;NA;NA;NA;NA;110.015;2006.76;NA;0.941931;0.122042;0.6;0.961;0.971;NA
86;2.925;NA;136.686;127.642;10956.9;2249.65;9782.15;12760;655;12768;9.4547;521;594;0.9616;1000;534;526;2.31487;200;NA;27.2;222;NA;NA;NA;NA;NA;NA;644;553;2.53125;220;NA;32.6905;NA;NA;NA;222;NA;NA;17.37;3.22;8.79;87.5;NA;65.5;81.4439;NA;NA;NA;1.38;1.03;7.3;73.3;74.6256;46.5672;1.11;1.44;0.207736;NA;NA;NA;NA;NA;NA;NA;NA;NA;NA;0.246;2.07556;1.955;0.9635;NA;116.371;NA;NA;NA;NA;NA;114.353;2118.05;NA;0.942672;0.125134;0.619047;0.962667;0.972;NA
87;2.957;NA;143.38;133.677;11356.4;2360.18;10196.5;13471;682;13479;9.50889;539;618;0.963;1032;550;544;2.45;212;NA;28;235;NA;NA;NA;NA;NA;NA;671;578;2.79487;232;NA;33;NA;NA;NA;235;NA;NA;18.2;3.43;9.19;88.4;NA;67.5;82.6474;NA;NA;NA;1.41;1.05;7.54;75;75.8034;47.5926;1.13;1.51;0.210248;NA;NA;NA;NA;NA;NA;NA;NA;NA;NA;0.2505;2.12;2.01;0.965;NA;121.832;NA;NA;NA;NA;NA;119.73;2236.44;NA;0.94346;0.128788;0.62963;0.9645;0.973;NA
88;3.01;NA;151.118;141.008;11846;2684.73;10628.9;14471;712;14340;9.57081;556;646;0.9737;1066;567;561;2.84068;222;NA;29;248;NA;NA;NA;NA;NA;NA;701;601;3;244;NA;34;NA;NA;NA;248;NA;NA;19.04;3.65;9.62;89.4;NA;69.7;83.7105;NA;NA;NA;1.44;1.07;7.79;76.8;77.1642;48.6544;1.15;1.55;0.213109;NA;NA;NA;NA;NA;NA;NA;NA;NA;NA;0.2555;2.17;2.07;0.96635;NA;128.781;NA;NA;NA;NA;NA;127.029;2357.14;NA;0.944278;0.132386;0.646222;0.966;0.974;NA
89;3.07;NA;159.498;148.382;12394.4;2846.55;11133.3;15584.5;749;15426;9.64381;576;676;0.978;1106;586;580;3.24294;234;NA;30.5;261;NA;NA;NA;NA;NA;NA;735;630;3.30189;258;NA;35;NA;NA;NA;260;NA;NA;20.05;3.89;10.14;90.2;NA;71.3;84.8464;NA;NA;NA;1.51;1.09;8.06;78.6;78.198;49.7397;1.17;1.6;0.216132;NA;NA;NA;NA;NA;NA;NA;NA;NA;NA;0.2605;2.22667;2.138;0.968;NA;137.848;NA;NA;NA;NA;NA;135.862;2585.34;NA;0.945139;0.136232;0.673806;0.968;0.975;NA
90;3.1;NA;168.826;158.104;12996.1;3028.01;11691.7;16800;785;16625;9.71866;599;708;0.999;1151;611;604;4.06667;260;NA;31;276;NA;NA;NA;NA;NA;NA;771;661;3.81481;274;NA;36.5;NA;NA;NA;276;NA;NA;21.16;4.18;10.71;91.1;NA;73.5;85.9435;NA;NA;NA;1.55;1.12;8.38;80.2;79.5353;50.9026;1.21;1.65;0.219423;NA;NA;NA;NA;NA;NA;NA;NA;NA;NA;0.266286;2.285;2.21;0.969;NA;147.795;NA;NA;NA;NA;NA;145.925;2709.61;NA;0.946038;0.140572;0.693333;0.9699;0.976;NA
91;3.153;NA;178.912;167.044;13725.9;3190.79;12340.3;18529;829;18139;9.80582;629;746;1;1202;640;635;4.71053;285;NA;32;294;NA;NA;NA;NA;NA;NA;813;698;4.55102;292;NA;37.8;NA;NA;NA;294;NA;NA;22.42;4.51;11.4;91.9;NA;77.4;86.991;NA;NA;NA;1.6;1.14;8.72;82;80.6886;52.0832;1.25;1.7;0.223027;NA;NA;NA;NA;NA;NA;NA;NA;NA;NA;0.27275;2.3525;2.298;0.971;NA;158.173;NA;NA;NA;NA;NA;156.342;2881.86;NA;0.947021;0.145299;0.704762;0.9715;0.977;NA
92;3.2;NA;189.748;177.385;14546.4;3425.28;13060.9;20532;875;20060;9.90648;666;787;NA;1259;678;671;5.38462;306;NA;35;316;NA;NA;NA;NA;NA;NA;858;738;5.42857;314;NA;40;NA;NA;NA;315;NA;NA;23.94;4.88;12.17;93.5;NA;78.1;88.1799;NA;NA;NA;1.65;1.17;9.09;83.8;81.7967;53.3313;1.28;1.76;0.226882;NA;NA;NA;NA;NA;NA;NA;NA;NA;NA;0.28;2.425;2.3955;0.97225;NA;169.243;NA;NA;NA;NA;NA;166.92;3063.14;NA;0.948079;0.150649;0.717172;0.9734;0.978;NA
93;3.25;NA;202.103;190.651;15457.1;3706.91;13853.5;22922;930;22380;10.0159;711;836;NA;1322;726;719;6.54545;330;NA;38.5;345;NA;NA;NA;NA;NA;NA;912;784;7.02273;340;NA;43.3333;NA;NA;NA;345;NA;NA;25.67;5.29;13.11;94.2;NA;80.6;89.3081;NA;NA;NA;1.7;1.2;9.52;85.6;83.0469;54.6061;1.34;1.82;0.23104;NA;NA;NA;NA;NA;NA;NA;NA;NA;NA;0.287735;2.5125;2.50909;0.974;NA;180.994;NA;NA;NA;NA;NA;177.111;3246.63;NA;0.949226;0.156805;0.72437;0.97525;0.979;NA
94;3.34;NA;218.947;205.341;16531.7;4039;14826.3;25545;997;24899;10.1226;758;893;NA;1400;770;764;7.93617;356;NA;40.5272;372;NA;NA;NA;NA;NA;NA;976;839;8.66667;368;NA;44.2909;NA;NA;NA;372;NA;NA;27.78;5.78;14.28;94.9;NA;83.2;90.4925;NA;NA;NA;1.76;1.24;9.98;87.2;84.445;55.8534;1.38;1.9;0.235726;NA;NA;NA;NA;NA;NA;NA;NA;NA;NA;0.2966;2.61146;2.6325;0.9755;NA;197.339;NA;NA;NA;NA;NA;195.039;3494.88;NA;0.950485;0.163366;0.74482;0.9775;0.98;NA
95;3.4;NA;239.683;226.254;17789.6;4440.84;15979.3;28953;1072;28217;10.2477;818;960;NA;1501;829;824;9.23333;386;NA;43.3333;416;NA;NA;NA;NA;NA;NA;1049;903;11.5;402;NA;46.6667;NA;NA;NA;408;NA;NA;30.37;6.35;15.68;95.5;NA;85.3;91.5433;NA;NA;NA;1.82;1.31;10.54;88.9;85.9954;57.3856;1.43;2;0.2415;NA;NA;NA;NA;NA;NA;NA;NA;NA;NA;0.307;2.71854;2.7725;0.977;NA;218.814;NA;NA;NA;NA;NA;215.522;4196.23;NA;0.951873;0.171021;0.763889;0.9795;0.9815;NA
96;3.54;NA;267.707;253.419;19317.2;4994.94;17402.5;32249;1166;31874;10.3695;872;1044;NA;1632;886;879;11.2222;428;NA;46;465;NA;NA;NA;NA;NA;NA;1140;984;17.4286;449;NA;48;NA;NA;NA;454;NA;NA;33.46;7.08;17.44;96.7;NA;88.1;92.746;NA;NA;NA;1.91;1.36;11.17;90.5;87.5141;59.1037;1.55;2.13;0.247929;NA;NA;NA;NA;NA;NA;NA;NA;NA;NA;0.319714;2.86;2.955;0.979;NA;245.745;NA;NA;NA;NA;NA;242.999;4747.5;NA;0.953457;0.180617;0.784091;0.98175;0.983;NA
97;3.7;NA;313.992;295.198;21361.2;5709.26;19222;36430;1293;35820;10.4863;968;1160;NA;1810;986;979;15;484;NA;49;545;NA;NA;NA;NA;NA;NA;1261;1089;23;520;NA;51.5;NA;NA;NA;528;NA;NA;37.78;8.08;19.84;97.6;NA;90.1;93.8202;NA;NA;NA;2.16;1.43;12.03;92;89.1025;61.0828;1.8;2.29;0.25598;NA;NA;NA;NA;NA;NA;NA;NA;NA;NA;0.336;3.04;3.17333;0.981;NA;304.613;NA;NA;NA;NA;NA;301.862;5595.68;NA;0.955392;0.193182;0.827273;0.984;0.984;NA
98;3.9;NA;381.763;365.25;24479.2;6700.61;21906.2;43080;1491;42360;10.654;1102;1327;NA;2112;1124;1110;19;617;NA;53;666;NA;NA;NA;NA;NA;NA;1446;1241;28;616;NA;54;NA;NA;NA;636;NA;NA;44.16;9.47;22.92;98.3;NA;91.8;95.1516;NA;NA;NA;2.34;1.54;13.1;93.5;91.193;63.4771;2.05;2.48;0.266738;NA;NA;NA;NA;NA;NA;NA;NA;NA;NA;0.3576;3.3;3.465;0.983;NA;401.032;NA;NA;NA;NA;NA;395.415;6828.96;NA;0.957705;0.209821;0.853333;0.987;0.986;NA
99;4.2;NA;517.08;489.403;29756.2;8503.78;26337.9;51315;1812;50849;10.8366;1469;1605;NA;2700;1493;1489;22;775;NA;63;883;NA;NA;NA;NA;NA;NA;1737;1498;33;790;NA;74;NA;NA;NA;888;NA;NA;54.1;11.46;27.43;98.8;NA;93.1;96.7283;NA;NA;NA;2.58;1.72;14.67;94.4;92.9892;66.3792;2.44;2.8;0.282154;NA;NA;NA;NA;NA;NA;NA;NA;NA;NA;0.3905;3.7;3.86;0.986;NA;590.722;NA;NA;NA;NA;NA;584.773;9264.92;NA;0.961087;0.234756;0.884615;0.989667;0.987333;NA
100;6.1;NA;805.391;790.978;41048.9;12608.9;34750.9;73140;2540;71070;11.1714;3480;2179;NA;4293;3517;3522;60;1060;NA;160;1780;NA;NA;NA;NA;NA;NA;2399;1994;54;1215;NA;270;NA;NA;NA;1779;NA;NA;74.81;15.29;33.86;99.9;NA;99.99;98.4536;NA;NA;NA;3.19;2.34;17.67;99.9;95.5569;70.9501;3.49;3.56;0.308804;NA;NA;NA;NA;NA;NA;NA;NA;NA;NA;0.4535;4.37;4.615;0.9895;NA;1493.81;NA;NA;NA;NA;NA;1479.11;16298.2;NA;0.966633;0.284569;0.9999;0.993;0.99;NA
101;70;NA;18059.5;16853;1210000;1210000;276476;2440000;385890;2440000;14.7078;43715;63840;NA;64317;43780;44336;4800;385890;NA;4800;91115;NA;NA;NA;NA;NA;NA;385875;63600;4800;385875;NA;4800;NA;NA;NA;91115;NA;NA;1044.3;100;100;100;NA;100;100;NA;NA;NA;28.42;227.47;100;100;100;88;579.66;28.42;8.75436;NA;NA;NA;NA;NA;NA;NA;NA;NA;NA;2.732;43.6;95.0767;1;NA;594354;NA;NA;NA;NA;NA;594354;1210000;NA;0.997385;1;1;1;0.998429;NA
